class,count,proportion
High,3594,0.8188653451811346
Medium,657,0.1496924128503076
Low,138,0.03144224196855776
