{
  "accuracy": 0.6271186440677966,
  "precision_per_class": [
    0.7241379310344828,
    0.5735294117647058,
    0.6901408450704225
  ],
  "recall_per_class": [
    0.42857142857142855,
    0.75,
    0.5903614457831325
  ],
  "f1_per_class": [
    0.5384615384615384,
    0.65,
    0.6363636363636364
  ],
  "support_per_class": [
    49,
    104,
    83
  ],
  "precision_macro": 0.6626027292898704,
  "recall_macro": 0.5896442914515204,
  "f1_macro": 0.6082750582750583,
  "precision_weighted": 0.6458114728180684,
  "recall_weighted": 0.6271186440677966,
  "f1_weighted": 0.6220457508593102,
  "confusion_matrix": [
    [
      21,
      24,
      4
    ],
    [
      8,
      78,
      18
    ],
    [
      0,
      34,
      49
    ]
  ],
  "class_labels": [
    "Low",
    "Medium",
    "High"
  ]
}