class,count,proportion
High,844,0.3988657844990548
Medium,747,0.35302457466918713
Low,525,0.24810964083175804
