class,count,proportion
High,1507,0.5011639507815098
Medium,968,0.321915530428999
Low,532,0.1769205187894912
