{
  "accuracy": 0.7790697674418605,
  "precision_per_class": [
    0.625,
    0.3333333333333333,
    0.835820895522388
  ],
  "recall_per_class": [
    0.7142857142857143,
    0.08333333333333333,
    0.9333333333333333
  ],
  "f1_per_class": [
    0.6666666666666666,
    0.13333333333333333,
    0.8818897637795275
  ],
  "support_per_class": [
    28,
    24,
    120
  ],
  "precision_macro": 0.5980514096185737,
  "recall_macro": 0.576984126984127,
  "f1_macro": 0.5606299212598426,
  "precision_weighted": 0.7313866712946893,
  "recall_weighted": 0.7790697674418605,
  "f1_weighted": 0.7424037111640114,
  "confusion_matrix": [
    [
      20,
      2,
      6
    ],
    [
      6,
      2,
      16
    ],
    [
      6,
      2,
      112
    ]
  ],
  "class_labels": [
    "Low",
    "Medium",
    "High"
  ]
}