class,count,proportion
High,1252,0.5604297224709042
Medium,535,0.2394807520143241
Low,447,0.20008952551477172
