class,count,proportion
High,7555,0.7583057312054602
Medium,2035,0.20425574626116633
Low,373,0.03743852253337348
