{
  "accuracy": 0.7103448275862069,
  "precision_per_class": [
    0.8064516129032258,
    0.5,
    0.75
  ],
  "recall_per_class": [
    0.6944444444444444,
    0.39473684210526316,
    0.8873239436619719
  ],
  "f1_per_class": [
    0.746268656716418,
    0.4411764705882353,
    0.8129032258064516
  ],
  "support_per_class": [
    36,
    38,
    71
  ],
  "precision_macro": 0.685483870967742,
  "recall_macro": 0.6588350767372265,
  "f1_macro": 0.6667827843703683,
  "precision_weighted": 0.6984983314794215,
  "recall_weighted": 0.7103448275862069,
  "f1_weighted": 0.6989414245269107,
  "confusion_matrix": [
    [
      25,
      9,
      2
    ],
    [
      4,
      15,
      19
    ],
    [
      2,
      6,
      63
    ]
  ],
  "class_labels": [
    "Low",
    "Medium",
    "High"
  ]
}