{
  "accuracy": 0.8057851239669421,
  "precision_per_class": [
    0.8108108108108109,
    0.5,
    0.8491620111731844
  ],
  "recall_per_class": [
    0.7317073170731707,
    0.325,
    0.9440993788819876
  ],
  "f1_per_class": [
    0.7692307692307693,
    0.3939393939393939,
    0.8941176470588236
  ],
  "support_per_class": [
    41,
    40,
    161
  ],
  "precision_macro": 0.7199909406613317,
  "recall_macro": 0.666935565318386,
  "f1_macro": 0.6857626034096622,
  "precision_weighted": 0.784951764636884,
  "recall_weighted": 0.8057851239669421,
  "f1_weighted": 0.7902850350103632,
  "confusion_matrix": [
    [
      30,
      4,
      7
    ],
    [
      7,
      13,
      20
    ],
    [
      0,
      9,
      152
    ]
  ],
  "class_labels": [
    "Low",
    "Medium",
    "High"
  ]
}