class,count,proportion
High,285,0.4947916666666667
Medium,149,0.2586805555555556
Low,142,0.2465277777777778
