class,count,proportion
High,308,0.7604938271604939
Medium,88,0.21728395061728395
Low,9,0.022222222222222223
