class,count,proportion
High,1605,0.7403136531365314
Medium,501,0.23108856088560886
Low,62,0.02859778597785978
