class,count,proportion
High,1180,0.43736100815418827
Medium,889,0.32950333580429947
Low,629,0.23313565604151223
