class,count,proportion
Medium,249,0.37727272727272726
Low,208,0.3151515151515151
High,203,0.30757575757575756
