class,count,proportion
Medium,60,0.45454545454545453
Low,51,0.38636363636363635
High,21,0.1590909090909091
