{
  "accuracy": 0.6311475409836066,
  "precision_per_class": [
    0.6956521739130435,
    0.5671641791044776,
    0.71875
  ],
  "recall_per_class": [
    0.5,
    0.7307692307692307,
    0.6052631578947368
  ],
  "f1_per_class": [
    0.5818181818181818,
    0.6386554621848739,
    0.6571428571428571
  ],
  "support_per_class": [
    32,
    52,
    38
  ],
  "precision_macro": 0.660522117672507,
  "recall_macro": 0.6120107962213225,
  "f1_macro": 0.6258721670486377,
  "precision_weighted": 0.6480812039233625,
  "recall_weighted": 0.6311475409836066,
  "f1_weighted": 0.6295056919936379,
  "confusion_matrix": [
    [
      16,
      15,
      1
    ],
    [
      6,
      38,
      8
    ],
    [
      1,
      14,
      23
    ]
  ],
  "class_labels": [
    "Low",
    "Medium",
    "High"
  ]
}