{
  "accuracy": 0.8817567567567568,
  "precision_per_class": [
    1.0,
    0.7068965517241379,
    0.9
  ],
  "recall_per_class": [
    0.3333333333333333,
    0.4659090909090909,
    0.9695121951219512
  ],
  "f1_per_class": [
    0.5,
    0.5616438356164384,
    0.9334637964774951
  ],
  "support_per_class": [
    12,
    88,
    492
  ],
  "precision_macro": 0.8689655172413793,
  "recall_macro": 0.5895848731214585,
  "f1_macro": 0.6650358773646445,
  "precision_weighted": 0.8733224603914259,
  "recall_weighted": 0.8817567567567568,
  "f1_weighted": 0.8694068334479294,
  "confusion_matrix": [
    [
      4,
      2,
      6
    ],
    [
      0,
      41,
      47
    ],
    [
      0,
      15,
      477
    ]
  ],
  "class_labels": [
    "Low",
    "Medium",
    "High"
  ]
}