class,count,proportion
High,381,0.48350253807106597
Medium,209,0.2652284263959391
Low,198,0.2512690355329949
