{
  "accuracy": 0.8783783783783784,
  "precision_per_class": [
    1.0,
    0.6851851851851852,
    0.8968105065666041
  ],
  "recall_per_class": [
    0.4166666666666667,
    0.42045454545454547,
    0.9715447154471545
  ],
  "f1_per_class": [
    0.5882352941176471,
    0.5211267605633803,
    0.9326829268292683
  ],
  "support_per_class": [
    12,
    88,
    492
  ],
  "precision_macro": 0.8606652305839297,
  "recall_macro": 0.6028886425227888,
  "f1_macro": 0.6806816605034318,
  "precision_weighted": 0.8674443674443676,
  "recall_weighted": 0.8783783783783784,
  "f1_weighted": 0.8645236122618062,
  "confusion_matrix": [
    [
      5,
      3,
      4
    ],
    [
      0,
      37,
      51
    ],
    [
      0,
      14,
      478
    ]
  ],
  "class_labels": [
    "Low",
    "Medium",
    "High"
  ]
}