{
  "accuracy": 0.8115942028985508,
  "precision_per_class": [
    0.9696969696969697,
    0.6666666666666666,
    0.6666666666666666
  ],
  "recall_per_class": [
    0.8648648648648649,
    0.8695652173913043,
    0.4444444444444444
  ],
  "f1_per_class": [
    0.9142857142857143,
    0.7547169811320755,
    0.5333333333333333
  ],
  "support_per_class": [
    37,
    23,
    9
  ],
  "precision_macro": 0.7676767676767676,
  "recall_macro": 0.7262915089002044,
  "f1_macro": 0.7341120095837077,
  "precision_weighted": 0.829161176987264,
  "recall_weighted": 0.8115942028985508,
  "f1_weighted": 0.8114066955740459,
  "confusion_matrix": [
    [
      32,
      5,
      0
    ],
    [
      1,
      20,
      2
    ],
    [
      0,
      5,
      4
    ]
  ],
  "class_labels": [
    "Low",
    "Medium",
    "High"
  ]
}