class,count,proportion
Low,95,0.5053191489361702
Medium,59,0.31382978723404253
High,34,0.18085106382978725
