class,count,proportion
Medium,415,0.4396186440677966
High,330,0.3495762711864407
Low,199,0.2108050847457627
