class,count,proportion
High,1968,0.8317836010143702
Medium,352,0.14877430262045646
Low,46,0.01944209636517329
