{
  "accuracy": 0.8181818181818182,
  "precision_per_class": [
    0.8333333333333334,
    0.5517241379310345,
    0.8587570621468926
  ],
  "recall_per_class": [
    0.7317073170731707,
    0.4,
    0.9440993788819876
  ],
  "f1_per_class": [
    0.7792207792207793,
    0.463768115942029,
    0.8994082840236687
  ],
  "support_per_class": [
    41,
    40,
    161
  ],
  "precision_macro": 0.7479381778037535,
  "recall_macro": 0.6919355653183862,
  "f1_macro": 0.714132393062159,
  "precision_weighted": 0.8037004925188338,
  "recall_weighted": 0.8181818181818182,
  "f1_weighted": 0.8070392988162965,
  "confusion_matrix": [
    [
      30,
      4,
      7
    ],
    [
      6,
      16,
      18
    ],
    [
      0,
      9,
      152
    ]
  ],
  "class_labels": [
    "Low",
    "Medium",
    "High"
  ]
}