class,count,proportion
High,1558,0.4632768361581921
Medium,952,0.2830805828129646
Low,853,0.2536425810288433
