{
  "accuracy": 0.6858407079646017,
  "precision_per_class": [
    0.7052631578947368,
    0.6164383561643836,
    0.7413793103448276
  ],
  "recall_per_class": [
    0.7976190476190477,
    0.5769230769230769,
    0.671875
  ],
  "f1_per_class": [
    0.7486033519553073,
    0.5960264900662252,
    0.7049180327868853
  ],
  "support_per_class": [
    84,
    78,
    64
  ],
  "precision_macro": 0.6876936081346493,
  "recall_macro": 0.6821390415140415,
  "f1_macro": 0.6831826249361392,
  "precision_weighted": 0.6848343933895963,
  "recall_weighted": 0.6858407079646017,
  "f1_weighted": 0.683573017202531,
  "confusion_matrix": [
    [
      67,
      13,
      4
    ],
    [
      22,
      45,
      11
    ],
    [
      6,
      15,
      43
    ]
  ],
  "class_labels": [
    "Low",
    "Medium",
    "High"
  ]
}