{
  "accuracy": 0.8099173553719008,
  "precision_per_class": [
    0.8285714285714286,
    0.5185185185185185,
    0.85
  ],
  "recall_per_class": [
    0.7073170731707317,
    0.35,
    0.9503105590062112
  ],
  "f1_per_class": [
    0.7631578947368421,
    0.417910447761194,
    0.8973607038123167
  ],
  "support_per_class": [
    41,
    40,
    161
  ],
  "precision_macro": 0.732363315696649,
  "recall_macro": 0.6692092107256475,
  "f1_macro": 0.692809682103451,
  "precision_weighted": 0.7915792120337575,
  "recall_weighted": 0.8099173553719008,
  "f1_weighted": 0.7953758880514102,
  "confusion_matrix": [
    [
      29,
      5,
      7
    ],
    [
      6,
      14,
      20
    ],
    [
      0,
      8,
      153
    ]
  ],
  "class_labels": [
    "Low",
    "Medium",
    "High"
  ]
}