{
  "accuracy": 0.743421052631579,
  "precision_per_class": [
    0.7254901960784313,
    0.6323529411764706,
    0.7891891891891892
  ],
  "recall_per_class": [
    0.6065573770491803,
    0.5180722891566265,
    0.9125
  ],
  "f1_per_class": [
    0.6607142857142857,
    0.5695364238410596,
    0.8463768115942029
  ],
  "support_per_class": [
    61,
    83,
    160
  ],
  "precision_macro": 0.7156774421480304,
  "recall_macro": 0.6790432220686022,
  "f1_macro": 0.692209173716516,
  "precision_weighted": 0.7335870603575712,
  "recall_weighted": 0.743421052631579,
  "f1_weighted": 0.7335374488896442,
  "confusion_matrix": [
    [
      37,
      14,
      10
    ],
    [
      11,
      43,
      29
    ],
    [
      3,
      11,
      146
    ]
  ],
  "class_labels": [
    "Low",
    "Medium",
    "High"
  ]
}