{
  "accuracy": 0.669683257918552,
  "precision_per_class": [
    0.6351351351351351,
    0.6103896103896104,
    0.7714285714285715
  ],
  "recall_per_class": [
    0.6911764705882353,
    0.6351351351351351,
    0.6835443037974683
  ],
  "f1_per_class": [
    0.6619718309859155,
    0.6225165562913907,
    0.7248322147651006
  ],
  "support_per_class": [
    68,
    74,
    79
  ],
  "precision_macro": 0.6723177723177723,
  "recall_macro": 0.6699519698402795,
  "f1_macro": 0.6697735340141356,
  "precision_weighted": 0.6755695814519345,
  "recall_weighted": 0.669683257918552,
  "f1_weighted": 0.671231016466281,
  "confusion_matrix": [
    [
      47,
      14,
      7
    ],
    [
      18,
      47,
      9
    ],
    [
      9,
      16,
      54
    ]
  ],
  "class_labels": [
    "Low",
    "Medium",
    "High"
  ]
}