class,count,proportion
Medium,287,0.4449612403100775
Low,253,0.3922480620155039
High,105,0.16279069767441862
