class,count,proportion
High,29776,0.5070758331772279
Medium,17550,0.2988709320345362
Low,11395,0.19405323478823588
