class,count,proportion
High,2221,0.35536
Low,2141,0.34256
Medium,1888,0.30208
