class,count,proportion
High,8046,0.7129186602870813
Medium,2315,0.20512138933191565
Low,925,0.08195995038100301
