class,count,proportion
High,3480,0.4564533053515215
Medium,2744,0.35991605456453307
Low,1400,0.18363064008394545
