{
  "accuracy": 0.7967479674796748,
  "precision_per_class": [
    0.7142857142857143,
    0.775,
    0.8545454545454545
  ],
  "recall_per_class": [
    0.8695652173913043,
    0.6739130434782609,
    0.8703703703703703
  ],
  "f1_per_class": [
    0.7843137254901961,
    0.7209302325581395,
    0.8623853211009175
  ],
  "support_per_class": [
    23,
    46,
    54
  ],
  "precision_macro": 0.7812770562770562,
  "recall_macro": 0.8046162104133119,
  "f1_macro": 0.7892097597164177,
  "precision_weighted": 0.7985693168619998,
  "recall_weighted": 0.7967479674796748,
  "f1_weighted": 0.7948846644178738,
  "confusion_matrix": [
    [
      20,
      3,
      0
    ],
    [
      7,
      31,
      8
    ],
    [
      1,
      6,
      47
    ]
  ],
  "class_labels": [
    "Low",
    "Medium",
    "High"
  ]
}