{
  "accuracy": 0.7467105263157895,
  "precision_per_class": [
    0.6862745098039216,
    0.6515151515151515,
    0.7967914438502673
  ],
  "recall_per_class": [
    0.5737704918032787,
    0.5180722891566265,
    0.93125
  ],
  "f1_per_class": [
    0.625,
    0.5771812080536913,
    0.8587896253602305
  ],
  "support_per_class": [
    61,
    83,
    160
  ],
  "precision_macro": 0.7115270350564469,
  "recall_macro": 0.6743642603199684,
  "f1_macro": 0.6869902778046407,
  "precision_weighted": 0.734951097663946,
  "recall_weighted": 0.7467105263157895,
  "f1_weighted": 0.7349913826516226,
  "confusion_matrix": [
    [
      35,
      16,
      10
    ],
    [
      12,
      43,
      28
    ],
    [
      4,
      7,
      149
    ]
  ],
  "class_labels": [
    "Low",
    "Medium",
    "High"
  ]
}