{
  "accuracy": 0.669683257918552,
  "precision_per_class": [
    0.6764705882352942,
    0.5949367088607594,
    0.7432432432432432
  ],
  "recall_per_class": [
    0.6764705882352942,
    0.6351351351351351,
    0.6962025316455697
  ],
  "f1_per_class": [
    0.6764705882352942,
    0.6143790849673203,
    0.7189542483660131
  ],
  "support_per_class": [
    68,
    74,
    79
  ],
  "precision_macro": 0.6715501801130989,
  "recall_macro": 0.6692694183386663,
  "f1_macro": 0.6699346405228758,
  "precision_weighted": 0.6730386093751692,
  "recall_weighted": 0.669683257918552,
  "f1_weighted": 0.6708662348800757,
  "confusion_matrix": [
    [
      46,
      15,
      7
    ],
    [
      15,
      47,
      12
    ],
    [
      7,
      17,
      55
    ]
  ],
  "class_labels": [
    "Low",
    "Medium",
    "High"
  ]
}