class,count,proportion
Low,728,0.4628099173553719
Medium,495,0.3146853146853147
High,350,0.22250476795931343
