{
  "accuracy": 0.6229508196721312,
  "precision_per_class": [
    0.6818181818181818,
    0.5507246376811594,
    0.7419354838709677
  ],
  "recall_per_class": [
    0.46875,
    0.7307692307692307,
    0.6052631578947368
  ],
  "f1_per_class": [
    0.5555555555555556,
    0.628099173553719,
    0.6666666666666666
  ],
  "support_per_class": [
    32,
    52,
    38
  ],
  "precision_macro": 0.6581594344567697,
  "recall_macro": 0.6015941295546559,
  "f1_macro": 0.6167737985919803,
  "precision_weighted": 0.6446673062680237,
  "recall_weighted": 0.6229508196721312,
  "f1_weighted": 0.6210841650483975,
  "confusion_matrix": [
    [
      15,
      17,
      0
    ],
    [
      6,
      38,
      8
    ],
    [
      1,
      14,
      23
    ]
  ],
  "class_labels": [
    "Low",
    "Medium",
    "High"
  ]
}