class,count,proportion
Medium,509,0.45897204688908927
Low,343,0.30928764652840396
High,257,0.23174030658250677
