class,count,proportion
High,253,0.43100511073253833
Medium,211,0.3594548551959114
Low,123,0.20954003407155025
