class,count,proportion
High,769,0.6915467625899281
Medium,236,0.21223021582733814
Low,107,0.09622302158273381
