class,count,proportion
High,2380,0.6278026905829597
Medium,901,0.23766816143497757
Low,510,0.13452914798206278
