class,count,proportion
High,1462,0.4449178332318929
Medium,947,0.28819233110164333
Low,877,0.2668898356664638
