class,count,proportion
High,643,0.6649431230610134
Low,164,0.16959669079627715
Medium,160,0.1654601861427094
