{
  "accuracy": 0.5714285714285714,
  "precision_per_class": [
    0.6666666666666666,
    0.3333333333333333,
    1.0
  ],
  "recall_per_class": [
    0.5,
    0.5,
    1.0
  ],
  "f1_per_class": [
    0.5714285714285714,
    0.4,
    1.0
  ],
  "support_per_class": [
    4,
    2,
    1
  ],
  "precision_macro": 0.6666666666666666,
  "recall_macro": 0.6666666666666666,
  "f1_macro": 0.6571428571428571,
  "precision_weighted": 0.619047619047619,
  "recall_weighted": 0.5714285714285714,
  "f1_weighted": 0.5836734693877551,
  "confusion_matrix": [
    [
      2,
      2,
      0
    ],
    [
      1,
      1,
      0
    ],
    [
      0,
      0,
      1
    ]
  ],
  "class_labels": [
    "Low",
    "Medium",
    "High"
  ]
}