{
  "accuracy": 0.7034482758620689,
  "precision_per_class": [
    0.8,
    0.4827586206896552,
    0.7441860465116279
  ],
  "recall_per_class": [
    0.6666666666666666,
    0.3684210526315789,
    0.9014084507042254
  ],
  "f1_per_class": [
    0.7272727272727273,
    0.417910447761194,
    0.8152866242038217
  ],
  "support_per_class": [
    36,
    38,
    71
  ],
  "precision_macro": 0.6756482224004277,
  "recall_macro": 0.6454987233341569,
  "f1_macro": 0.6534899330792477,
  "precision_weighted": 0.689531288886431,
  "recall_weighted": 0.7034482758620689,
  "f1_weighted": 0.689294934587689,
  "confusion_matrix": [
    [
      24,
      9,
      3
    ],
    [
      5,
      14,
      19
    ],
    [
      1,
      6,
      64
    ]
  ],
  "class_labels": [
    "Low",
    "Medium",
    "High"
  ]
}