{
  "accuracy": 0.7790697674418605,
  "precision_per_class": [
    0.6060606060606061,
    0.3333333333333333,
    0.8421052631578947
  ],
  "recall_per_class": [
    0.7142857142857143,
    0.08333333333333333,
    0.9333333333333333
  ],
  "f1_per_class": [
    0.6557377049180327,
    0.13333333333333333,
    0.8853754940711462
  ],
  "support_per_class": [
    28,
    24,
    120
  ],
  "precision_macro": 0.593833067517278,
  "recall_macro": 0.576984126984127,
  "f1_macro": 0.5581488441075041,
  "precision_weighted": 0.7326879566781648,
  "recall_weighted": 0.7790697674418605,
  "f1_weighted": 0.743056482710712,
  "confusion_matrix": [
    [
      20,
      2,
      6
    ],
    [
      7,
      2,
      15
    ],
    [
      6,
      2,
      112
    ]
  ],
  "class_labels": [
    "Low",
    "Medium",
    "High"
  ]
}