class,count,proportion
Low,146,0.5309090909090909
Medium,91,0.33090909090909093
High,38,0.13818181818181818
