{
  "accuracy": 0.8272727272727273,
  "precision_per_class": [
    0.6666666666666666,
    0.75,
    0.8792270531400966
  ],
  "recall_per_class": [
    0.5263157894736842,
    0.7363636363636363,
    0.9054726368159204
  ],
  "f1_per_class": [
    0.5882352941176471,
    0.7431192660550459,
    0.8921568627450981
  ],
  "support_per_class": [
    19,
    110,
    201
  ],
  "precision_macro": 0.7652979066022544,
  "recall_macro": 0.722717354217747,
  "f1_macro": 0.7411704743059303,
  "precision_weighted": 0.823913043478261,
  "recall_weighted": 0.8272727272727273,
  "f1_weighted": 0.8249791492910759,
  "confusion_matrix": [
    [
      10,
      9,
      0
    ],
    [
      4,
      81,
      25
    ],
    [
      1,
      18,
      182
    ]
  ],
  "class_labels": [
    "Low",
    "Medium",
    "High"
  ]
}