class,count,proportion
Low,23,0.48936170212765956
High,14,0.2978723404255319
Medium,10,0.2127659574468085
