class,count,proportion
High,2095,0.5246681692962685
Medium,1114,0.2789882294014525
Low,784,0.19634360130227899
