{
  "accuracy": 0.8926829268292683,
  "precision_per_class": [
    0.5,
    0.5925925925925926,
    0.916010498687664
  ],
  "recall_per_class": [
    0.2,
    0.35555555555555557,
    0.9694444444444444
  ],
  "f1_per_class": [
    0.2857142857142857,
    0.4444444444444444,
    0.941970310391363
  ],
  "support_per_class": [
    5,
    45,
    360
  ],
  "precision_macro": 0.6695343637600856,
  "recall_macro": 0.5083333333333333,
  "f1_macro": 0.557376346850031,
  "precision_weighted": 0.8754401126688433,
  "recall_weighted": 0.8926829268292683,
  "f1_weighted": 0.8793606906572247,
  "confusion_matrix": [
    [
      1,
      0,
      4
    ],
    [
      1,
      16,
      28
    ],
    [
      0,
      11,
      349
    ]
  ],
  "class_labels": [
    "Low",
    "Medium",
    "High"
  ]
}