{
  "accuracy": 0.7075471698113207,
  "precision_per_class": [
    0.7142857142857143,
    0.5925925925925926,
    0.7727272727272727
  ],
  "recall_per_class": [
    0.8064516129032258,
    0.5161290322580645,
    0.7727272727272727
  ],
  "f1_per_class": [
    0.7575757575757576,
    0.5517241379310345,
    0.7727272727272727
  ],
  "support_per_class": [
    31,
    31,
    44
  ],
  "precision_macro": 0.6932018598685264,
  "recall_macro": 0.698435972629521,
  "f1_macro": 0.6940090560780217,
  "precision_weighted": 0.7029549765398823,
  "recall_weighted": 0.7075471698113207,
  "f1_weighted": 0.7036631769878353,
  "confusion_matrix": [
    [
      25,
      4,
      2
    ],
    [
      7,
      16,
      8
    ],
    [
      3,
      7,
      34
    ]
  ],
  "class_labels": [
    "Low",
    "Medium",
    "High"
  ]
}