class,count,proportion
High,201,0.6090909090909091
Medium,110,0.3333333333333333
Low,19,0.05757575757575758
