class,count,proportion
High,1663,0.6694847020933977
Medium,679,0.27334943639291465
Low,142,0.0571658615136876
