class,count,proportion
Low,12,0.46153846153846156
Medium,9,0.34615384615384615
High,5,0.19230769230769232
