class,count,proportion
High,414,0.35628227194492257
Low,379,0.3261617900172117
Medium,369,0.31755593803786575
