class,count,proportion
High,1434,0.8765281173594132
Medium,182,0.11124694376528117
Low,20,0.012224938875305624
