{
  "accuracy": 0.7338129496402878,
  "precision_per_class": [
    0.7464788732394366,
    0.6933333333333334,
    0.8245614035087719
  ],
  "recall_per_class": [
    0.6162790697674418,
    0.8188976377952756,
    0.7230769230769231
  ],
  "f1_per_class": [
    0.6751592356687898,
    0.7509025270758123,
    0.7704918032786885
  ],
  "support_per_class": [
    86,
    127,
    65
  ],
  "precision_macro": 0.7547912033605139,
  "recall_macro": 0.7194178768798802,
  "f1_macro": 0.7321845220077634,
  "precision_weighted": 0.7404568620863132,
  "recall_weighted": 0.7338129496402878,
  "f1_weighted": 0.7320513756088447,
  "confusion_matrix": [
    [
      53,
      32,
      1
    ],
    [
      14,
      104,
      9
    ],
    [
      4,
      14,
      47
    ]
  ],
  "class_labels": [
    "Low",
    "Medium",
    "High"
  ]
}