class,count,proportion
High,33319,0.515271484465614
Medium,18184,0.281211821288836
Low,13160,0.20351669424555
