class,count,proportion
High,30061,0.4971389826023682
Medium,18189,0.3008037308989879
Low,12218,0.2020572864986439
