{
  "accuracy": 0.743421052631579,
  "precision_per_class": [
    0.6792452830188679,
    0.6615384615384615,
    0.7903225806451613
  ],
  "recall_per_class": [
    0.5901639344262295,
    0.5180722891566265,
    0.91875
  ],
  "f1_per_class": [
    0.631578947368421,
    0.581081081081081,
    0.8497109826589595
  ],
  "support_per_class": [
    61,
    83,
    160
  ],
  "precision_macro": 0.7103687750674968,
  "recall_macro": 0.6756620745276187,
  "f1_macro": 0.6874570037028205,
  "precision_weighted": 0.7328725903785166,
  "recall_weighted": 0.743421052631579,
  "f1_weighted": 0.7325980353442004,
  "confusion_matrix": [
    [
      36,
      13,
      12
    ],
    [
      13,
      43,
      27
    ],
    [
      4,
      9,
      147
    ]
  ],
  "class_labels": [
    "Low",
    "Medium",
    "High"
  ]
}