class,count,proportion
High,31208,0.5409790597697961
Medium,15939,0.2762966301483844
Low,10541,0.18272431008181944
