class,count,proportion
High,2627,0.7311438908989703
Medium,964,0.26829947119398834
Low,2,0.0005566379070414695
