class,count,proportion
High,492,0.831081081081081
Medium,88,0.14864864864864866
Low,12,0.02027027027027027
