class,count,proportion
High,251,0.518595041322314
Medium,150,0.30991735537190085
Low,83,0.17148760330578514
