class,count,proportion
High,28,0.42424242424242425
Medium,25,0.3787878787878788
Low,13,0.19696969696969696
