{
  "accuracy": 0.7039106145251397,
  "precision_per_class": [
    0.6666666666666666,
    0.48,
    0.7432432432432432
  ],
  "recall_per_class": [
    0.25,
    0.2857142857142857,
    0.9090909090909091
  ],
  "f1_per_class": [
    0.36363636363636365,
    0.3582089552238806,
    0.8178438661710037
  ],
  "support_per_class": [
    16,
    42,
    121
  ],
  "precision_macro": 0.6299699699699699,
  "recall_macro": 0.4816017316017316,
  "f1_macro": 0.5132297283437494,
  "precision_weighted": 0.674631838542453,
  "recall_weighted": 0.7039106145251397,
  "f1_weighted": 0.6693970153311523,
  "confusion_matrix": [
    [
      4,
      2,
      10
    ],
    [
      2,
      12,
      28
    ],
    [
      0,
      11,
      110
    ]
  ],
  "class_labels": [
    "Low",
    "Medium",
    "High"
  ]
}