class,count,proportion
High,217,0.4419551934826884
Medium,182,0.37067209775967414
Low,92,0.18737270875763748
