class,count,proportion
High,71,0.4896551724137931
Medium,38,0.2620689655172414
Low,36,0.2482758620689655
