class,count,proportion
High,585,0.3811074918566775
Medium,511,0.33289902280130296
Low,439,0.28599348534201957
