{
  "accuracy": 0.8926829268292683,
  "precision_per_class": [
    0.5,
    0.6086956521739131,
    0.9116883116883117
  ],
  "recall_per_class": [
    0.2,
    0.3111111111111111,
    0.975
  ],
  "f1_per_class": [
    0.2857142857142857,
    0.4117647058823529,
    0.9422818791946309
  ],
  "support_per_class": [
    5,
    45,
    360
  ],
  "precision_macro": 0.6734613212874082,
  "recall_macro": 0.4953703703703704,
  "f1_macro": 0.5465869569304233,
  "precision_weighted": 0.8734124306234592,
  "recall_weighted": 0.8926829268292683,
  "f1_weighted": 0.876047462691084,
  "confusion_matrix": [
    [
      1,
      0,
      4
    ],
    [
      1,
      14,
      30
    ],
    [
      0,
      9,
      351
    ]
  ],
  "class_labels": [
    "Low",
    "Medium",
    "High"
  ]
}