class,count,proportion
High,412,0.35701906412478335
Medium,389,0.33708838821490467
Low,353,0.30589254766031193
