class,count,proportion
High,2033,0.8778065630397237
Medium,254,0.10967184801381692
Low,29,0.012521588946459413
