class,count,proportion
Medium,229,0.4118705035971223
High,196,0.35251798561151076
Low,131,0.2356115107913669
