class,count,proportion
Low,84,0.37168141592920356
Medium,78,0.34513274336283184
High,64,0.2831858407079646
