class,count,proportion
Medium,513,0.45478723404255317
Low,350,0.3102836879432624
High,265,0.2349290780141844
