{
  "accuracy": 0.7878787878787878,
  "precision_per_class": [
    0.7692307692307693,
    0.7391304347826086,
    0.8333333333333334
  ],
  "recall_per_class": [
    0.7692307692307693,
    0.68,
    0.8928571428571429
  ],
  "f1_per_class": [
    0.7692307692307693,
    0.7083333333333334,
    0.8620689655172413
  ],
  "support_per_class": [
    13,
    25,
    28
  ],
  "precision_macro": 0.7805648457822372,
  "recall_macro": 0.7806959706959707,
  "f1_macro": 0.7798776893604481,
  "precision_weighted": 0.7850241545893719,
  "recall_weighted": 0.7878787878787878,
  "f1_weighted": 0.7855494601184256,
  "confusion_matrix": [
    [
      10,
      3,
      0
    ],
    [
      3,
      17,
      5
    ],
    [
      0,
      3,
      25
    ]
  ],
  "class_labels": [
    "Low",
    "Medium",
    "High"
  ]
}