class,count,proportion
High,160,0.5263157894736842
Medium,83,0.2730263157894737
Low,61,0.20065789473684212
