{
  "accuracy": 0.6063829787234043,
  "precision_per_class": [
    0.7272727272727273,
    0.5666666666666667,
    0.5833333333333334
  ],
  "recall_per_class": [
    0.5161290322580645,
    0.7555555555555555,
    0.3888888888888889
  ],
  "f1_per_class": [
    0.6037735849056604,
    0.6476190476190476,
    0.4666666666666667
  ],
  "support_per_class": [
    31,
    45,
    18
  ],
  "precision_macro": 0.6257575757575758,
  "recall_macro": 0.5535244922341697,
  "f1_macro": 0.5726864330637915,
  "precision_weighted": 0.6228239845261122,
  "recall_weighted": 0.6063829787234043,
  "f1_weighted": 0.5985089178184321,
  "confusion_matrix": [
    [
      16,
      15,
      0
    ],
    [
      6,
      34,
      5
    ],
    [
      0,
      11,
      7
    ]
  ],
  "class_labels": [
    "Low",
    "Medium",
    "High"
  ]
}