{
  "accuracy": 0.8242424242424242,
  "precision_per_class": [
    0.6875,
    0.7547169811320755,
    0.8701923076923077
  ],
  "recall_per_class": [
    0.5789473684210527,
    0.7272727272727273,
    0.900497512437811
  ],
  "f1_per_class": [
    0.6285714285714286,
    0.7407407407407407,
    0.8850855745721271
  ],
  "support_per_class": [
    19,
    110,
    201
  ],
  "precision_macro": 0.7708030962747944,
  "recall_macro": 0.7355725360438635,
  "f1_macro": 0.7514659146280988,
  "precision_weighted": 0.8211818841535822,
  "recall_weighted": 0.8242424242424242,
  "f1_weighted": 0.8222016336767762,
  "confusion_matrix": [
    [
      11,
      7,
      1
    ],
    [
      4,
      80,
      26
    ],
    [
      1,
      19,
      181
    ]
  ],
  "class_labels": [
    "Low",
    "Medium",
    "High"
  ]
}