class,count,proportion
High,8733,0.7078706330550377
Medium,2532,0.20523628110561726
Low,1072,0.08689308583934506
