{
  "accuracy": 0.8320987654320988,
  "precision_per_class": [
    0.8333333333333334,
    0.7391304347826086,
    0.8441926345609065
  ],
  "recall_per_class": [
    0.5555555555555556,
    0.38636363636363635,
    0.9675324675324676
  ],
  "f1_per_class": [
    0.6666666666666666,
    0.5074626865671642,
    0.9016641452344932
  ],
  "support_per_class": [
    9,
    88,
    308
  ],
  "precision_macro": 0.8055521342256161,
  "recall_macro": 0.6364838864838865,
  "f1_macro": 0.691931166156108,
  "precision_weighted": 0.8211229869274784,
  "recall_weighted": 0.8320987654320988,
  "f1_weighted": 0.8107883287657638,
  "confusion_matrix": [
    [
      5,
      2,
      2
    ],
    [
      1,
      34,
      53
    ],
    [
      0,
      10,
      298
    ]
  ],
  "class_labels": [
    "Low",
    "Medium",
    "High"
  ]
}