class,count,proportion
High,177,0.42142857142857143
Medium,122,0.2904761904761905
Low,121,0.28809523809523807
