class,count,proportion
High,44,0.41509433962264153
Medium,31,0.29245283018867924
Low,31,0.29245283018867924
