class,count,proportion
Medium,15,0.45454545454545453
Low,13,0.3939393939393939
High,5,0.15151515151515152
