class,count,proportion
Low,4,0.5714285714285714
Medium,2,0.2857142857142857
High,1,0.14285714285714285
