class,count,proportion
High,600,0.6030150753768844
Low,228,0.22914572864321608
Medium,167,0.1678391959798995
