class,count,proportion
High,120,0.6976744186046512
Low,28,0.16279069767441862
Medium,24,0.13953488372093023
