class,count,proportion
High,801,0.6377388535031847
Low,243,0.19347133757961785
Medium,212,0.16878980891719744
