class,count,proportion
Medium,52,0.4262295081967213
High,38,0.3114754098360656
Low,32,0.26229508196721313
