class,count,proportion
Medium,208,0.4288659793814433
High,151,0.311340206185567
Low,126,0.2597938144329897
