{
  "accuracy": 0.6666666666666666,
  "precision_per_class": [
    0.6666666666666666,
    0.0,
    0.6666666666666666
  ],
  "recall_per_class": [
    1.0,
    0.0,
    0.6666666666666666
  ],
  "f1_per_class": [
    0.8,
    0.0,
    0.6666666666666666
  ],
  "support_per_class": [
    6,
    3,
    3
  ],
  "precision_macro": 0.4444444444444444,
  "recall_macro": 0.5555555555555555,
  "f1_macro": 0.48888888888888893,
  "precision_weighted": 0.5,
  "recall_weighted": 0.6666666666666666,
  "f1_weighted": 0.5666666666666668,
  "confusion_matrix": [
    [
      6,
      0,
      0
    ],
    [
      2,
      0,
      1
    ],
    [
      1,
      0,
      2
    ]
  ],
  "class_labels": [
    "Low",
    "Medium",
    "High"
  ]
}