class,count,proportion
High,121,0.6759776536312849
Medium,42,0.2346368715083799
Low,16,0.0893854748603352
