class,count,proportion
High,484,0.6759776536312849
Medium,167,0.23324022346368714
Low,65,0.09078212290502793
