{
  "accuracy": 0.7217694994179278,
  "precision_per_class": [
    0.8045112781954887,
    0.568075117370892,
    0.7641325536062378
  ],
  "recall_per_class": [
    0.5944444444444444,
    0.491869918699187,
    0.9053117782909931
  ],
  "f1_per_class": [
    0.6837060702875399,
    0.5272331154684096,
    0.828752642706131
  ],
  "support_per_class": [
    180,
    246,
    433
  ],
  "precision_macro": 0.7122396497242062,
  "recall_macro": 0.6638753804782082,
  "f1_macro": 0.6798972761540268,
  "precision_weighted": 0.7164469204422914,
  "recall_weighted": 0.7217694994179278,
  "f1_weighted": 0.7120097012208856,
  "confusion_matrix": [
    [
      107,
      52,
      21
    ],
    [
      25,
      121,
      100
    ],
    [
      1,
      40,
      392
    ]
  ],
  "class_labels": [
    "Low",
    "Medium",
    "High"
  ]
}