{
  "accuracy": 0.7967479674796748,
  "precision_per_class": [
    0.7307692307692307,
    0.7560975609756098,
    0.8571428571428571
  ],
  "recall_per_class": [
    0.8260869565217391,
    0.6739130434782609,
    0.8888888888888888
  ],
  "f1_per_class": [
    0.7755102040816326,
    0.7126436781609196,
    0.8727272727272727
  ],
  "support_per_class": [
    23,
    46,
    54
  ],
  "precision_macro": 0.7813365496292325,
  "recall_macro": 0.7962962962962963,
  "f1_macro": 0.7869603849899417,
  "precision_weighted": 0.795722718685241,
  "recall_weighted": 0.7967479674796748,
  "f1_weighted": 0.7946798098906713,
  "confusion_matrix": [
    [
      19,
      4,
      0
    ],
    [
      7,
      31,
      8
    ],
    [
      0,
      6,
      48
    ]
  ],
  "class_labels": [
    "Low",
    "Medium",
    "High"
  ]
}