{
  "accuracy": 0.7230215827338129,
  "precision_per_class": [
    0.7323943661971831,
    0.6845637583892618,
    0.8103448275862069
  ],
  "recall_per_class": [
    0.6046511627906976,
    0.8031496062992126,
    0.7230769230769231
  ],
  "f1_per_class": [
    0.6624203821656051,
    0.7391304347826086,
    0.7642276422764228
  ],
  "support_per_class": [
    86,
    127,
    65
  ],
  "precision_macro": 0.742434317390884,
  "recall_macro": 0.7102925640556111,
  "f1_macro": 0.7219261530748788,
  "precision_weighted": 0.7287695201492713,
  "recall_weighted": 0.7230215827338129,
  "f1_weighted": 0.7212680389625928,
  "confusion_matrix": [
    [
      52,
      33,
      1
    ],
    [
      15,
      102,
      10
    ],
    [
      4,
      14,
      47
    ]
  ],
  "class_labels": [
    "Low",
    "Medium",
    "High"
  ]
}