class,count,proportion
High,2189,0.49942961441934747
Medium,1210,0.2760666210358202
Low,984,0.2245037645448323
