class,count,proportion
High,39384,0.5127857924066455
Medium,20862,0.27162647778761523
Low,16558,0.2155877298057393
