class,count,proportion
High,79,0.3574660633484163
Medium,74,0.334841628959276
Low,68,0.3076923076923077
