class,count,proportion
High,3645,0.7127493156042237
Medium,1319,0.2579194368400469
Low,150,0.02933124755572937
