class,count,proportion
High,2056,0.4760361194721
Medium,1234,0.2857142857142857
Low,1029,0.23824959481361427
