{
  "accuracy": 0.7103448275862069,
  "precision_per_class": [
    0.8333333333333334,
    0.4827586206896552,
    0.7441860465116279
  ],
  "recall_per_class": [
    0.6944444444444444,
    0.3684210526315789,
    0.9014084507042254
  ],
  "f1_per_class": [
    0.7575757575757576,
    0.417910447761194,
    0.8152866242038217
  ],
  "support_per_class": [
    36,
    38,
    71
  ],
  "precision_macro": 0.6867593335115387,
  "recall_macro": 0.6547579825934163,
  "f1_macro": 0.6635909431802578,
  "precision_weighted": 0.6978071509553964,
  "recall_weighted": 0.7103448275862069,
  "f1_weighted": 0.6968184455594757,
  "confusion_matrix": [
    [
      25,
      9,
      2
    ],
    [
      4,
      14,
      20
    ],
    [
      1,
      6,
      64
    ]
  ],
  "class_labels": [
    "Low",
    "Medium",
    "High"
  ]
}