{
  "accuracy": 0.672566371681416,
  "precision_per_class": [
    0.6842105263157895,
    0.6056338028169014,
    0.7333333333333333
  ],
  "recall_per_class": [
    0.7738095238095238,
    0.5512820512820513,
    0.6875
  ],
  "f1_per_class": [
    0.7262569832402235,
    0.5771812080536913,
    0.7096774193548387
  ],
  "support_per_class": [
    84,
    78,
    64
  ],
  "precision_macro": 0.6743925541553414,
  "recall_macro": 0.6708638583638584,
  "f1_macro": 0.6710385368829179,
  "precision_weighted": 0.6710020095733538,
  "recall_weighted": 0.672566371681416,
  "f1_weighted": 0.6701109542437008,
  "confusion_matrix": [
    [
      65,
      14,
      5
    ],
    [
      24,
      43,
      11
    ],
    [
      6,
      14,
      44
    ]
  ],
  "class_labels": [
    "Low",
    "Medium",
    "High"
  ]
}