class,count,proportion
High,2998,0.746885899352267
Medium,1014,0.2526158445440957
Low,2,0.0004982561036372695
