class,count,proportion
High,657,0.7308120133481646
Medium,241,0.26807563959955505
Low,1,0.0011123470522803114
