class,count,proportion
Medium,333,0.43302990897269183
Low,293,0.3810143042912874
High,143,0.1859557867360208
