class,count,proportion
High,110,0.41825095057034223
Medium,100,0.38022813688212925
Low,53,0.20152091254752852
