class,count,proportion
High,6547,0.7570536540240518
Medium,1797,0.2077937095282146
Low,304,0.03515263644773358
