{
  "accuracy": 0.7272727272727273,
  "precision_per_class": [
    0.9,
    0.6666666666666666,
    0.5
  ],
  "recall_per_class": [
    0.6923076923076923,
    0.9333333333333333,
    0.2
  ],
  "f1_per_class": [
    0.782608695652174,
    0.7777777777777778,
    0.2857142857142857
  ],
  "support_per_class": [
    13,
    15,
    5
  ],
  "precision_macro": 0.6888888888888888,
  "recall_macro": 0.6085470085470085,
  "f1_macro": 0.6153669197147459,
  "precision_weighted": 0.7333333333333334,
  "recall_weighted": 0.7272727272727273,
  "f1_weighted": 0.7051257920823139,
  "confusion_matrix": [
    [
      9,
      4,
      0
    ],
    [
      0,
      14,
      1
    ],
    [
      1,
      3,
      1
    ]
  ],
  "class_labels": [
    "Low",
    "Medium",
    "High"
  ]
}