{
  "accuracy": 0.672566371681416,
  "precision_per_class": [
    0.7096774193548387,
    0.5915492957746479,
    0.7096774193548387
  ],
  "recall_per_class": [
    0.7857142857142857,
    0.5384615384615384,
    0.6875
  ],
  "f1_per_class": [
    0.7457627118644068,
    0.5637583892617449,
    0.6984126984126984
  ],
  "support_per_class": [
    84,
    78,
    64
  ],
  "precision_macro": 0.6703013781614416,
  "recall_macro": 0.670558608058608,
  "f1_macro": 0.6693112665129499,
  "precision_weighted": 0.668907535995304,
  "recall_weighted": 0.672566371681416,
  "f1_weighted": 0.6695382073338008,
  "confusion_matrix": [
    [
      66,
      13,
      5
    ],
    [
      23,
      42,
      13
    ],
    [
      4,
      16,
      44
    ]
  ],
  "class_labels": [
    "Low",
    "Medium",
    "High"
  ]
}