{
  "accuracy": 0.7075471698113207,
  "precision_per_class": [
    0.6756756756756757,
    0.6,
    0.7954545454545454
  ],
  "recall_per_class": [
    0.8064516129032258,
    0.4838709677419355,
    0.7954545454545454
  ],
  "f1_per_class": [
    0.7352941176470589,
    0.5357142857142857,
    0.7954545454545454
  ],
  "support_per_class": [
    31,
    31,
    44
  ],
  "precision_macro": 0.6903767403767403,
  "recall_macro": 0.6952590420332356,
  "f1_macro": 0.6888209829386299,
  "precision_weighted": 0.70326364099949,
  "recall_weighted": 0.7075471698113207,
  "f1_weighted": 0.7018986840019027,
  "confusion_matrix": [
    [
      25,
      4,
      2
    ],
    [
      9,
      15,
      7
    ],
    [
      3,
      6,
      35
    ]
  ],
  "class_labels": [
    "Low",
    "Medium",
    "High"
  ]
}