{
  "accuracy": 0.7318435754189944,
  "precision_per_class": [
    0.6666666666666666,
    0.5769230769230769,
    0.7619047619047619
  ],
  "recall_per_class": [
    0.25,
    0.35714285714285715,
    0.9256198347107438
  ],
  "f1_per_class": [
    0.36363636363636365,
    0.4411764705882353,
    0.835820895522388
  ],
  "support_per_class": [
    16,
    42,
    121
  ],
  "precision_macro": 0.6684981684981685,
  "recall_macro": 0.5109208972845337,
  "f1_macro": 0.5468779099156623,
  "precision_weighted": 0.7099883356866598,
  "recall_weighted": 0.7318435754189944,
  "f1_weighted": 0.7010163236932774,
  "confusion_matrix": [
    [
      4,
      2,
      10
    ],
    [
      2,
      15,
      25
    ],
    [
      0,
      9,
      112
    ]
  ],
  "class_labels": [
    "Low",
    "Medium",
    "High"
  ]
}