{
  "accuracy": 0.6229508196721312,
  "precision_per_class": [
    0.6818181818181818,
    0.5571428571428572,
    0.7333333333333333
  ],
  "recall_per_class": [
    0.46875,
    0.75,
    0.5789473684210527
  ],
  "f1_per_class": [
    0.5555555555555556,
    0.639344262295082,
    0.6470588235294118
  ],
  "support_per_class": [
    32,
    52,
    38
  ],
  "precision_macro": 0.6574314574314575,
  "recall_macro": 0.5992324561403509,
  "f1_macro": 0.6139862137933498,
  "precision_weighted": 0.6447235824285004,
  "recall_weighted": 0.6229508196721312,
  "f1_weighted": 0.6197697927150795,
  "confusion_matrix": [
    [
      15,
      16,
      1
    ],
    [
      6,
      39,
      7
    ],
    [
      1,
      15,
      22
    ]
  ],
  "class_labels": [
    "Low",
    "Medium",
    "High"
  ]
}