class,count,proportion
High,8230,0.7173363549202475
Medium,2315,0.20177808768412794
Low,928,0.08088555739562452
