class,count,proportion
High,7652,0.763215639337722
Medium,2011,0.20057849591063234
Low,363,0.03620586475164572
