{
  "accuracy": 0.8115942028985508,
  "precision_per_class": [
    1.0,
    0.65625,
    0.6666666666666666
  ],
  "recall_per_class": [
    0.8378378378378378,
    0.9130434782608695,
    0.4444444444444444
  ],
  "f1_per_class": [
    0.9117647058823529,
    0.7636363636363637,
    0.5333333333333333
  ],
  "support_per_class": [
    37,
    23,
    9
  ],
  "precision_macro": 0.7743055555555555,
  "recall_macro": 0.7317752535143839,
  "f1_macro": 0.7362448009506832,
  "precision_weighted": 0.8419384057971014,
  "recall_weighted": 0.8115942028985508,
  "f1_weighted": 0.8130279779896148,
  "confusion_matrix": [
    [
      31,
      6,
      0
    ],
    [
      0,
      21,
      2
    ],
    [
      0,
      5,
      4
    ]
  ],
  "class_labels": [
    "Low",
    "Medium",
    "High"
  ]
}