{
  "accuracy": 0.8212121212121212,
  "precision_per_class": [
    0.6470588235294118,
    0.75,
    0.8708133971291866
  ],
  "recall_per_class": [
    0.5789473684210527,
    0.7090909090909091,
    0.9054726368159204
  ],
  "f1_per_class": [
    0.6111111111111112,
    0.7289719626168224,
    0.8878048780487805
  ],
  "support_per_class": [
    19,
    110,
    201
  ],
  "precision_macro": 0.7559574068861994,
  "recall_macro": 0.7311703047759607,
  "f1_macro": 0.7426293172589046,
  "precision_weighted": 0.8176594256667434,
  "recall_weighted": 0.8212121212121212,
  "f1_weighted": 0.818929719656868,
  "confusion_matrix": [
    [
      11,
      8,
      0
    ],
    [
      5,
      78,
      27
    ],
    [
      1,
      18,
      182
    ]
  ],
  "class_labels": [
    "Low",
    "Medium",
    "High"
  ]
}