class,count,proportion
High,1558,0.46313912009512487
Medium,952,0.28299643281807374
Low,854,0.25386444708680145
