class,count,proportion
High,1086,0.4693171996542783
Medium,713,0.3081244598098531
Low,515,0.22255834053586862
