{
  "accuracy": 0.7967479674796748,
  "precision_per_class": [
    0.7407407407407407,
    0.7560975609756098,
    0.8545454545454545
  ],
  "recall_per_class": [
    0.8695652173913043,
    0.6739130434782609,
    0.8703703703703703
  ],
  "f1_per_class": [
    0.8,
    0.7126436781609196,
    0.8623853211009175
  ],
  "support_per_class": [
    23,
    46,
    54
  ],
  "precision_macro": 0.7837945854206017,
  "recall_macro": 0.8046162104133119,
  "f1_macro": 0.791676333087279,
  "precision_weighted": 0.796446986889184,
  "recall_weighted": 0.7967479674796748,
  "f1_weighted": 0.7947188336166816,
  "confusion_matrix": [
    [
      20,
      3,
      0
    ],
    [
      7,
      31,
      8
    ],
    [
      0,
      7,
      47
    ]
  ],
  "class_labels": [
    "Low",
    "Medium",
    "High"
  ]
}