{
  "accuracy": 0.7272727272727273,
  "precision_per_class": [
    0.9,
    0.7,
    0.3333333333333333
  ],
  "recall_per_class": [
    0.6923076923076923,
    0.9333333333333333,
    0.2
  ],
  "f1_per_class": [
    0.782608695652174,
    0.8,
    0.25
  ],
  "support_per_class": [
    13,
    15,
    5
  ],
  "precision_macro": 0.6444444444444445,
  "recall_macro": 0.6085470085470085,
  "f1_macro": 0.6108695652173913,
  "precision_weighted": 0.7232323232323233,
  "recall_weighted": 0.7272727272727273,
  "f1_weighted": 0.7098155467720685,
  "confusion_matrix": [
    [
      9,
      3,
      1
    ],
    [
      0,
      14,
      1
    ],
    [
      1,
      3,
      1
    ]
  ],
  "class_labels": [
    "Low",
    "Medium",
    "High"
  ]
}