class,count,proportion
High,801,0.6086626139817629
Medium,439,0.33358662613981765
Low,76,0.057750759878419454
