class,count,proportion
Low,51,0.7083333333333334
Medium,14,0.19444444444444445
High,7,0.09722222222222222
