{
  "accuracy": 0.8345679012345679,
  "precision_per_class": [
    0.8333333333333334,
    0.7674418604651163,
    0.8426966292134831
  ],
  "recall_per_class": [
    0.5555555555555556,
    0.375,
    0.974025974025974
  ],
  "f1_per_class": [
    0.6666666666666666,
    0.5038167938931297,
    0.9036144578313253
  ],
  "support_per_class": [
    9,
    88,
    308
  ],
  "precision_macro": 0.8144906076706443,
  "recall_macro": 0.6348605098605099,
  "f1_macro": 0.6913659727970406,
  "precision_weighted": 0.8261369025152667,
  "recall_weighted": 0.8345679012345679,
  "f1_weighted": 0.8114793354929472,
  "confusion_matrix": [
    [
      5,
      2,
      2
    ],
    [
      1,
      33,
      54
    ],
    [
      0,
      8,
      300
    ]
  ],
  "class_labels": [
    "Low",
    "Medium",
    "High"
  ]
}