{
  "accuracy": 0.8331479421579533,
  "precision_per_class": [
    0.0,
    0.7692307692307693,
    0.8479452054794521
  ],
  "recall_per_class": [
    0.0,
    0.5394190871369294,
    0.9421613394216134
  ],
  "f1_per_class": [
    0.0,
    0.6341463414634146,
    0.8925739005046863
  ],
  "support_per_class": [
    1,
    241,
    657
  ],
  "precision_macro": 0.5390586582367405,
  "recall_macro": 0.49386014218618096,
  "f1_macro": 0.5089067473227004,
  "precision_weighted": 0.8259005732865577,
  "recall_weighted": 0.8331479421579533,
  "f1_weighted": 0.822302915377377,
  "confusion_matrix": [
    [
      0,
      1,
      0
    ],
    [
      0,
      130,
      111
    ],
    [
      0,
      38,
      619
    ]
  ],
  "class_labels": [
    "Low",
    "Medium",
    "High"
  ]
}