{
  "accuracy": 0.7886178861788617,
  "precision_per_class": [
    0.75,
    0.7380952380952381,
    0.8421052631578947
  ],
  "recall_per_class": [
    0.782608695652174,
    0.6739130434782609,
    0.8888888888888888
  ],
  "f1_per_class": [
    0.7659574468085106,
    0.7045454545454546,
    0.8648648648648649
  ],
  "support_per_class": [
    23,
    46,
    54
  ],
  "precision_macro": 0.7767335004177109,
  "recall_macro": 0.7818035426731079,
  "f1_macro": 0.7784559220729435,
  "precision_weighted": 0.7859842696171322,
  "recall_weighted": 0.7886178861788617,
  "f1_weighted": 0.7864131291738973,
  "confusion_matrix": [
    [
      18,
      5,
      0
    ],
    [
      6,
      31,
      9
    ],
    [
      0,
      6,
      48
    ]
  ],
  "class_labels": [
    "Low",
    "Medium",
    "High"
  ]
}