{
  "accuracy": 0.6186440677966102,
  "precision_per_class": [
    0.7037037037037037,
    0.572463768115942,
    0.676056338028169
  ],
  "recall_per_class": [
    0.3877551020408163,
    0.7596153846153846,
    0.5783132530120482
  ],
  "f1_per_class": [
    0.5,
    0.6528925619834711,
    0.6233766233766234
  ],
  "support_per_class": [
    49,
    104,
    83
  ],
  "precision_macro": 0.6507412699492715,
  "recall_macro": 0.5752279132227497,
  "f1_macro": 0.5920897284533648,
  "precision_weighted": 0.6361457178893114,
  "recall_weighted": 0.6186440677966102,
  "f1_weighted": 0.610767314349749,
  "confusion_matrix": [
    [
      19,
      26,
      4
    ],
    [
      6,
      79,
      19
    ],
    [
      2,
      33,
      48
    ]
  ],
  "class_labels": [
    "Low",
    "Medium",
    "High"
  ]
}