class,count,proportion
High,312,0.35374149659863946
Medium,297,0.336734693877551
Low,273,0.30952380952380953
