{
  "accuracy": 0.8783783783783784,
  "precision_per_class": [
    1.0,
    0.6909090909090909,
    0.8966165413533834
  ],
  "recall_per_class": [
    0.4166666666666667,
    0.4318181818181818,
    0.9695121951219512
  ],
  "f1_per_class": [
    0.5882352941176471,
    0.5314685314685315,
    0.931640625
  ],
  "support_per_class": [
    12,
    88,
    492
  ],
  "precision_macro": 0.8625085440874914,
  "recall_macro": 0.6059990145355999,
  "f1_macro": 0.6837814835287261,
  "precision_weighted": 0.8681340174761226,
  "recall_weighted": 0.8783783783783784,
  "f1_weighted": 0.8651946652004097,
  "confusion_matrix": [
    [
      5,
      2,
      5
    ],
    [
      0,
      38,
      50
    ],
    [
      0,
      15,
      477
    ]
  ],
  "class_labels": [
    "Low",
    "Medium",
    "High"
  ]
}