{
  "accuracy": 0.8800675675675675,
  "precision_per_class": [
    1.0,
    0.6964285714285714,
    0.8984962406015038
  ],
  "recall_per_class": [
    0.3333333333333333,
    0.4431818181818182,
    0.9715447154471545
  ],
  "f1_per_class": [
    0.5,
    0.5416666666666666,
    0.93359375
  ],
  "support_per_class": [
    12,
    88,
    492
  ],
  "precision_macro": 0.8649749373433583,
  "recall_macro": 0.5826866223207686,
  "f1_macro": 0.6584201388888888,
  "precision_weighted": 0.8705166632798211,
  "recall_weighted": 0.8800675675675675,
  "f1_weighted": 0.8665452561936936,
  "confusion_matrix": [
    [
      4,
      3,
      5
    ],
    [
      0,
      39,
      49
    ],
    [
      0,
      14,
      478
    ]
  ],
  "class_labels": [
    "Low",
    "Medium",
    "High"
  ]
}