class,count,proportion
High,18000,0.491320013101867
Medium,9798,0.26744186046511625
Low,8838,0.2412381264330167
