class,count,proportion
High,360,0.8780487804878049
Medium,45,0.10975609756097561
Low,5,0.012195121951219513
