class,count,proportion
High,1231,0.7617574257425742
Medium,349,0.21596534653465346
Low,36,0.022277227722772276
