{
  "accuracy": 0.7878787878787878,
  "precision_per_class": [
    0.7142857142857143,
    0.7727272727272727,
    0.8333333333333334
  ],
  "recall_per_class": [
    0.7692307692307693,
    0.68,
    0.8928571428571429
  ],
  "f1_per_class": [
    0.7407407407407407,
    0.723404255319149,
    0.8620689655172413
  ],
  "support_per_class": [
    13,
    25,
    28
  ],
  "precision_macro": 0.7734487734487735,
  "recall_macro": 0.7806959706959707,
  "f1_macro": 0.7754046538590437,
  "precision_weighted": 0.7869277187459006,
  "recall_weighted": 0.7878787878787878,
  "f1_weighted": 0.7856464704104714,
  "confusion_matrix": [
    [
      10,
      2,
      1
    ],
    [
      4,
      17,
      4
    ],
    [
      0,
      3,
      25
    ]
  ],
  "class_labels": [
    "Low",
    "Medium",
    "High"
  ]
}