class,count,proportion
High,1674,0.6293233082706767
Medium,669,0.25150375939849623
Low,317,0.11917293233082707
