SMILES,accession,pchembl_value_Mean,class,features,predicted_class,predicted_class_int,prob_low,prob_medium,prob_high,max_prob,confidence
COc1cccc(-c2nc(SC)c3ccccc3n2)c1,P20813,4.5,Low,"[ 0.          0.          0.         ... -0.01180461 -0.04150439
 -0.01727134]",Low,0,0.692,0.17,0.138,0.692,0.692
Clc1ccccc1CN1CCc2sccc2C1,P20813,6.425,High,"[ 0.          0.          0.         ... -0.01180461 -0.04150439
 -0.01727134]",High,2,0.24,0.362,0.398,0.398,0.398
c1ccc(C2(N3CCCCC3)CCCCC2)cc1,P20813,5.0,Low,"[ 0.          0.          1.         ... -0.01180461 -0.04150439
 -0.01727134]",Medium,1,0.3,0.496,0.204,0.496,0.496
OC(CC1c2c(Cl)cccc2-c2cncn21)C1CCCCC1,P20813,5.32,Medium,"[ 0.          1.          1.         ... -0.01180461 -0.04150439
 -0.01727134]",Low,0,0.562,0.394,0.044,0.562,0.562
CCCCCc1cc(O)c2c(c1)OC(C)(C)c1ccc(C)cc1-2,P20813,5.0,Low,"[ 0.          0.          0.         ... -0.01180461 -0.04150439
 -0.01727134]",Medium,1,0.196,0.402,0.402,0.402,0.402
O=C(Cc1ccc(F)cc1)N1CCC(C(O)CC2c3ccccc3-c3cncn32)CC1,P20813,4.3,Low,"[ 0.          1.          0.         ... -0.01180461 -0.04150439
 -0.01727134]",Low,0,0.954,0.046,0.0,0.954,0.954
CC1CCC2C(C)C(=O)OC3OC4(C)CCC1C32OO4,P20813,5.113333333333333,Medium,"[ 0.          0.          0.         ... -0.01180461 -0.04150439
 -0.01727134]",Medium,1,0.266,0.432,0.302,0.432,0.432
