{
  "accuracy": 0.6313559322033898,
  "precision_per_class": [
    0.7407407407407407,
    0.5789473684210527,
    0.6842105263157895
  ],
  "recall_per_class": [
    0.40816326530612246,
    0.7403846153846154,
    0.6265060240963856
  ],
  "f1_per_class": [
    0.5263157894736842,
    0.6497890295358649,
    0.6540880503144654
  ],
  "support_per_class": [
    49,
    104,
    83
  ],
  "precision_macro": 0.667966211825861,
  "recall_macro": 0.5916846349290411,
  "f1_macro": 0.6100642897746714,
  "precision_weighted": 0.6495605775266793,
  "recall_weighted": 0.6313559322033898,
  "f1_weighted": 0.6256645802205131,
  "confusion_matrix": [
    [
      20,
      25,
      4
    ],
    [
      7,
      77,
      20
    ],
    [
      0,
      31,
      52
    ]
  ],
  "class_labels": [
    "Low",
    "Medium",
    "High"
  ]
}