class,count,proportion
Medium,211,0.4271255060728745
High,152,0.3076923076923077
Low,131,0.2651821862348178
