class,count,proportion
Low,336,0.37168141592920356
Medium,311,0.3440265486725664
High,257,0.2842920353982301
