{
  "accuracy": 0.7906976744186046,
  "precision_per_class": [
    0.625,
    0.4,
    0.8444444444444444
  ],
  "recall_per_class": [
    0.7142857142857143,
    0.08333333333333333,
    0.95
  ],
  "f1_per_class": [
    0.6666666666666666,
    0.13793103448275862,
    0.8941176470588236
  ],
  "support_per_class": [
    28,
    24,
    120
  ],
  "precision_macro": 0.6231481481481481,
  "recall_macro": 0.5825396825396826,
  "f1_macro": 0.5662384494027496,
  "precision_weighted": 0.7467054263565892,
  "recall_weighted": 0.7906976744186046,
  "f1_weighted": 0.7515763322169284,
  "confusion_matrix": [
    [
      20,
      2,
      6
    ],
    [
      7,
      2,
      15
    ],
    [
      5,
      1,
      114
    ]
  ],
  "class_labels": [
    "Low",
    "Medium",
    "High"
  ]
}