class,count,proportion
High,1731,0.5037834691501746
Medium,985,0.28667054714784634
Low,720,0.20954598370197905
