{
  "accuracy": 0.6276595744680851,
  "precision_per_class": [
    0.75,
    0.5932203389830508,
    0.5454545454545454
  ],
  "recall_per_class": [
    0.5806451612903226,
    0.7777777777777778,
    0.3333333333333333
  ],
  "f1_per_class": [
    0.6545454545454545,
    0.6730769230769231,
    0.41379310344827586
  ],
  "support_per_class": [
    31,
    45,
    18
  ],
  "precision_macro": 0.6295582948125321,
  "recall_macro": 0.5639187574671446,
  "f1_macro": 0.5804718270235512,
  "precision_weighted": 0.6357776284299904,
  "recall_weighted": 0.6276595744680851,
  "f1_weighted": 0.6173153882068042,
  "confusion_matrix": [
    [
      18,
      13,
      0
    ],
    [
      5,
      35,
      5
    ],
    [
      1,
      11,
      6
    ]
  ],
  "class_labels": [
    "Low",
    "Medium",
    "High"
  ]
}