{
  "accuracy": 0.6742081447963801,
  "precision_per_class": [
    0.6438356164383562,
    0.618421052631579,
    0.7638888888888888
  ],
  "recall_per_class": [
    0.6911764705882353,
    0.6351351351351351,
    0.6962025316455697
  ],
  "f1_per_class": [
    0.6666666666666666,
    0.6266666666666667,
    0.7284768211920529
  ],
  "support_per_class": [
    68,
    74,
    79
  ],
  "precision_macro": 0.6753818526529414,
  "recall_macro": 0.67417137912298,
  "f1_macro": 0.6739367181751289,
  "precision_weighted": 0.6782407331889921,
  "recall_weighted": 0.6742081447963801,
  "f1_weighted": 0.6753680341214428,
  "confusion_matrix": [
    [
      47,
      14,
      7
    ],
    [
      17,
      47,
      10
    ],
    [
      9,
      15,
      55
    ]
  ],
  "class_labels": [
    "Low",
    "Medium",
    "High"
  ]
}