{
  "accuracy": 0.5957446808510638,
  "precision_per_class": [
    0.7142857142857143,
    0.5714285714285714,
    0.5
  ],
  "recall_per_class": [
    0.4838709677419355,
    0.8,
    0.2777777777777778
  ],
  "f1_per_class": [
    0.5769230769230769,
    0.6666666666666666,
    0.35714285714285715
  ],
  "support_per_class": [
    31,
    45,
    18
  ],
  "precision_macro": 0.5952380952380952,
  "recall_macro": 0.5205495818399045,
  "f1_macro": 0.5335775335775336,
  "precision_weighted": 0.6048632218844985,
  "recall_weighted": 0.5957446808510638,
  "f1_weighted": 0.5777998597147533,
  "confusion_matrix": [
    [
      15,
      16,
      0
    ],
    [
      4,
      36,
      5
    ],
    [
      2,
      11,
      5
    ]
  ],
  "class_labels": [
    "Low",
    "Medium",
    "High"
  ]
}