class,count,proportion
High,2750,0.36745056119722075
Low,2444,0.3265633351149118
Medium,2290,0.30598610368786744
