{
  "accuracy": 0.8303030303030303,
  "precision_per_class": [
    0.6666666666666666,
    0.7722772277227723,
    0.8720379146919431
  ],
  "recall_per_class": [
    0.631578947368421,
    0.7090909090909091,
    0.9154228855721394
  ],
  "f1_per_class": [
    0.6486486486486487,
    0.7393364928909952,
    0.8932038834951457
  ],
  "support_per_class": [
    19,
    110,
    201
  ],
  "precision_macro": 0.7703272696937941,
  "recall_macro": 0.7520309140104899,
  "f1_macro": 0.7603963416782632,
  "precision_weighted": 0.8269599471795521,
  "recall_weighted": 0.8303030303030303,
  "f1_weighted": 0.8278343003783579,
  "confusion_matrix": [
    [
      12,
      7,
      0
    ],
    [
      5,
      78,
      27
    ],
    [
      1,
      16,
      184
    ]
  ],
  "class_labels": [
    "Low",
    "Medium",
    "High"
  ]
}