class,count,proportion
Medium,104,0.4406779661016949
High,83,0.3516949152542373
Low,49,0.2076271186440678
