{
  "accuracy": 0.6814159292035398,
  "precision_per_class": [
    0.717391304347826,
    0.6111111111111112,
    0.7096774193548387
  ],
  "recall_per_class": [
    0.7857142857142857,
    0.5641025641025641,
    0.6875
  ],
  "f1_per_class": [
    0.75,
    0.5866666666666667,
    0.6984126984126984
  ],
  "support_per_class": [
    84,
    78,
    64
  ],
  "precision_macro": 0.6793932782712586,
  "recall_macro": 0.6791056166056166,
  "f1_macro": 0.6783597883597884,
  "precision_weighted": 0.6785260666840431,
  "recall_weighted": 0.6814159292035398,
  "f1_weighted": 0.6790195252142155,
  "confusion_matrix": [
    [
      66,
      13,
      5
    ],
    [
      21,
      44,
      13
    ],
    [
      5,
      15,
      44
    ]
  ],
  "class_labels": [
    "Low",
    "Medium",
    "High"
  ]
}