class,count,proportion
Medium,421,0.43003064351378956
High,358,0.36567926455566907
Low,200,0.20429009193054137
