{
  "accuracy": 0.7532894736842105,
  "precision_per_class": [
    0.6981132075471698,
    0.6567164179104478,
    0.8043478260869565
  ],
  "recall_per_class": [
    0.6065573770491803,
    0.5301204819277109,
    0.925
  ],
  "f1_per_class": [
    0.6491228070175439,
    0.5866666666666667,
    0.8604651162790697
  ],
  "support_per_class": [
    61,
    83,
    160
  ],
  "precision_macro": 0.7197258171815246,
  "recall_macro": 0.6872259529922969,
  "f1_macro": 0.69875152998776,
  "precision_weighted": 0.7427237517133473,
  "recall_weighted": 0.7532894736842105,
  "f1_weighted": 0.7433034314672851,
  "confusion_matrix": [
    [
      37,
      15,
      9
    ],
    [
      12,
      44,
      27
    ],
    [
      4,
      8,
      148
    ]
  ],
  "class_labels": [
    "Low",
    "Medium",
    "High"
  ]
}