class,count,proportion
High,482,0.7005813953488372
Low,112,0.16279069767441862
Medium,94,0.13662790697674418
