{
  "accuracy": 0.7094972067039106,
  "precision_per_class": [
    0.7142857142857143,
    0.48,
    0.7482993197278912
  ],
  "recall_per_class": [
    0.3125,
    0.2857142857142857,
    0.9090909090909091
  ],
  "f1_per_class": [
    0.43478260869565216,
    0.3582089552238806,
    0.8208955223880597
  ],
  "support_per_class": [
    16,
    42,
    121
  ],
  "precision_macro": 0.6475283446712018,
  "recall_macro": 0.502435064935065,
  "f1_macro": 0.5379623621025308,
  "precision_weighted": 0.6823060844449512,
  "recall_weighted": 0.7094972067039106,
  "f1_weighted": 0.6778193076396013,
  "confusion_matrix": [
    [
      5,
      2,
      9
    ],
    [
      2,
      12,
      28
    ],
    [
      0,
      11,
      110
    ]
  ],
  "class_labels": [
    "Low",
    "Medium",
    "High"
  ]
}