class,count,proportion
High,81,0.675
Medium,29,0.24166666666666667
Low,10,0.08333333333333333
