class,count,proportion
High,318,0.40304182509505704
Medium,247,0.31305449936628643
Low,224,0.28390367553865653
