class,count,proportion
High,1468,0.46250787649653435
Low,930,0.29300567107750475
Medium,776,0.24448645242596093
