{
  "accuracy": 0.8309232480533927,
  "precision_per_class": [
    0.0,
    0.7602339181286549,
    0.8475274725274725
  ],
  "recall_per_class": [
    0.0,
    0.5394190871369294,
    0.939117199391172
  ],
  "f1_per_class": [
    0.0,
    0.6310679611650486,
    0.8909747292418773
  ],
  "support_per_class": [
    1,
    241,
    657
  ],
  "precision_macro": 0.5359204635520425,
  "recall_macro": 0.49284542884270044,
  "f1_macro": 0.5073475634689752,
  "precision_weighted": 0.8231834524132985,
  "recall_weighted": 0.8309232480533927,
  "f1_weighted": 0.8203089830396997,
  "confusion_matrix": [
    [
      0,
      1,
      0
    ],
    [
      0,
      130,
      111
    ],
    [
      0,
      40,
      617
    ]
  ],
  "class_labels": [
    "Low",
    "Medium",
    "High"
  ]
}