{
  "accuracy": 0.7039106145251397,
  "precision_per_class": [
    0.5714285714285714,
    0.5,
    0.7465753424657534
  ],
  "recall_per_class": [
    0.25,
    0.30952380952380953,
    0.9008264462809917
  ],
  "f1_per_class": [
    0.34782608695652173,
    0.38235294117647056,
    0.8164794007490637
  ],
  "support_per_class": [
    16,
    42,
    121
  ],
  "precision_macro": 0.6060013046314415,
  "recall_macro": 0.48678341860160046,
  "f1_macro": 0.515552809627352,
  "precision_weighted": 0.6730640982190688,
  "recall_weighted": 0.7039106145251397,
  "f1_weighted": 0.6727265274377252,
  "confusion_matrix": [
    [
      4,
      2,
      10
    ],
    [
      2,
      13,
      27
    ],
    [
      1,
      11,
      109
    ]
  ],
  "class_labels": [
    "Low",
    "Medium",
    "High"
  ]
}