class,count,proportion
High,52321,0.51137174412354
Medium,29296,0.28633142745442997
Low,20698,0.20229682842203
