{
  "accuracy": 0.7182770663562281,
  "precision_per_class": [
    0.7857142857142857,
    0.5658536585365853,
    0.7607003891050583
  ],
  "recall_per_class": [
    0.6111111111111112,
    0.4715447154471545,
    0.9030023094688222
  ],
  "f1_per_class": [
    0.6875,
    0.5144124168514412,
    0.8257655755015839
  ],
  "support_per_class": [
    180,
    246,
    433
  ],
  "precision_macro": 0.7040894444519764,
  "recall_macro": 0.6618860453423626,
  "f1_macro": 0.6758926641176751,
  "precision_weighted": 0.7101418392445421,
  "recall_weighted": 0.7182770663562281,
  "f1_weighted": 0.7076274141299655,
  "confusion_matrix": [
    [
      110,
      48,
      22
    ],
    [
      29,
      116,
      101
    ],
    [
      1,
      41,
      391
    ]
  ],
  "class_labels": [
    "Low",
    "Medium",
    "High"
  ]
}