{
  "accuracy": 0.8878048780487805,
  "precision_per_class": [
    0.6666666666666666,
    0.5357142857142857,
    0.9155672823218998
  ],
  "recall_per_class": [
    0.4,
    0.3333333333333333,
    0.9638888888888889
  ],
  "f1_per_class": [
    0.5,
    0.410958904109589,
    0.939106901217862
  ],
  "support_per_class": [
    5,
    45,
    360
  ],
  "precision_macro": 0.7059827449009507,
  "recall_macro": 0.5657407407407408,
  "f1_macro": 0.616688601775817,
  "precision_weighted": 0.8708407264057564,
  "recall_weighted": 0.8878048780487805,
  "f1_weighted": 0.8757844759106386,
  "confusion_matrix": [
    [
      2,
      0,
      3
    ],
    [
      1,
      15,
      29
    ],
    [
      0,
      13,
      347
    ]
  ],
  "class_labels": [
    "Low",
    "Medium",
    "High"
  ]
}