class,count,proportion
Low,37,0.5362318840579711
Medium,23,0.3333333333333333
High,9,0.13043478260869565
