{
  "accuracy": 0.6787330316742082,
  "precision_per_class": [
    0.6575342465753424,
    0.618421052631579,
    0.7638888888888888
  ],
  "recall_per_class": [
    0.7058823529411765,
    0.6351351351351351,
    0.6962025316455697
  ],
  "f1_per_class": [
    0.6808510638297872,
    0.6266666666666667,
    0.7284768211920529
  ],
  "support_per_class": [
    68,
    74,
    79
  ],
  "precision_macro": 0.6799480626986035,
  "recall_macro": 0.6790733399072938,
  "f1_macro": 0.6786648505628357,
  "precision_weighted": 0.6824556963080649,
  "recall_weighted": 0.6787330316742082,
  "f1_weighted": 0.6797324640177875,
  "confusion_matrix": [
    [
      48,
      13,
      7
    ],
    [
      17,
      47,
      10
    ],
    [
      8,
      16,
      55
    ]
  ],
  "class_labels": [
    "Low",
    "Medium",
    "High"
  ]
}