class,count,proportion
High,61,0.782051282051282
Medium,14,0.1794871794871795
Low,3,0.038461538461538464
