{
  "accuracy": 0.6065573770491803,
  "precision_per_class": [
    0.6818181818181818,
    0.5416666666666666,
    0.7142857142857143
  ],
  "recall_per_class": [
    0.46875,
    0.75,
    0.5263157894736842
  ],
  "f1_per_class": [
    0.5555555555555556,
    0.6290322580645161,
    0.6060606060606061
  ],
  "support_per_class": [
    32,
    52,
    38
  ],
  "precision_macro": 0.6459235209235209,
  "recall_macro": 0.5816885964912281,
  "f1_macro": 0.596882806560226,
  "precision_weighted": 0.6321943084238166,
  "recall_weighted": 0.6065573770491803,
  "f1_weighted": 0.6026045756347185,
  "confusion_matrix": [
    [
      15,
      16,
      1
    ],
    [
      6,
      39,
      7
    ],
    [
      1,
      17,
      20
    ]
  ],
  "class_labels": [
    "Low",
    "Medium",
    "High"
  ]
}