class,count,proportion
High,395,0.5610795454545454
Medium,156,0.2215909090909091
Low,153,0.21732954545454544
