{
  "accuracy": 0.8296296296296296,
  "precision_per_class": [
    0.8333333333333334,
    0.7333333333333333,
    0.8418079096045198
  ],
  "recall_per_class": [
    0.5555555555555556,
    0.375,
    0.9675324675324676
  ],
  "f1_per_class": [
    0.6666666666666666,
    0.49624060150375937,
    0.9003021148036254
  ],
  "support_per_class": [
    9,
    88,
    308
  ],
  "precision_macro": 0.8028248587570621,
  "recall_macro": 0.6326960076960076,
  "f1_macro": 0.6877364609913504,
  "precision_weighted": 0.8180498012136431,
  "recall_weighted": 0.8296296296296296,
  "f1_weighted": 0.8073141340539444,
  "confusion_matrix": [
    [
      5,
      2,
      2
    ],
    [
      1,
      33,
      54
    ],
    [
      0,
      10,
      298
    ]
  ],
  "class_labels": [
    "Low",
    "Medium",
    "High"
  ]
}