{
  "accuracy": 0.7848837209302325,
  "precision_per_class": [
    0.6363636363636364,
    0.4,
    0.835820895522388
  ],
  "recall_per_class": [
    0.75,
    0.08333333333333333,
    0.9333333333333333
  ],
  "f1_per_class": [
    0.6885245901639344,
    0.13793103448275862,
    0.8818897637795275
  ],
  "support_per_class": [
    28,
    24,
    120
  ],
  "precision_macro": 0.6240615106286748,
  "recall_macro": 0.5888888888888889,
  "f1_macro": 0.5694484628087402,
  "precision_weighted": 0.7425388911678394,
  "recall_weighted": 0.7848837209302325,
  "f1_weighted": 0.7466035174751144,
  "confusion_matrix": [
    [
      21,
      1,
      6
    ],
    [
      6,
      2,
      16
    ],
    [
      6,
      2,
      112
    ]
  ],
  "class_labels": [
    "Low",
    "Medium",
    "High"
  ]
}