class,count,proportion
High,146,0.6919431279620853
Medium,51,0.24170616113744076
Low,14,0.06635071090047394
