class,count,proportion
High,20,0.6666666666666666
Medium,7,0.23333333333333334
Low,3,0.1
