class,count,proportion
High,1576,0.406395048994327
Low,1193,0.3076328004125838
Medium,1109,0.2859721505930892
