class,count,proportion
High,161,0.6652892561983471
Low,41,0.16942148760330578
Medium,40,0.1652892561983471
