class,count,proportion
High,640,0.5267489711934157
Medium,330,0.2716049382716049
Low,245,0.20164609053497942
