class,count,proportion
High,141,0.7014925373134329
Medium,47,0.23383084577114427
Low,13,0.06467661691542288
