class,count,proportion
High,1191,0.5394021739130435
Medium,565,0.2558876811594203
Low,452,0.20471014492753623
