{
  "accuracy": 0.7230215827338129,
  "precision_per_class": [
    0.7391304347826086,
    0.6774193548387096,
    0.8333333333333334
  ],
  "recall_per_class": [
    0.5930232558139535,
    0.8267716535433071,
    0.6923076923076923
  ],
  "f1_per_class": [
    0.6580645161290323,
    0.7446808510638298,
    0.7563025210084033
  ],
  "support_per_class": [
    86,
    127,
    65
  ],
  "precision_macro": 0.7499610409848839,
  "recall_macro": 0.7040342005549842,
  "f1_macro": 0.7196826294004218,
  "precision_weighted": 0.7329645400089466,
  "recall_weighted": 0.7230215827338129,
  "f1_weighted": 0.7206031666825516,
  "confusion_matrix": [
    [
      51,
      34,
      1
    ],
    [
      14,
      105,
      8
    ],
    [
      4,
      16,
      45
    ]
  ],
  "class_labels": [
    "Low",
    "Medium",
    "High"
  ]
}