class,count,proportion
High,256,0.5688888888888889
Medium,105,0.23333333333333334
Low,89,0.19777777777777777
