class,count,proportion
High,882,0.3983739837398374
Medium,774,0.34959349593495936
Low,558,0.25203252032520324
