class,count,proportion
High,245,0.5168776371308017
Medium,149,0.3143459915611814
Low,80,0.16877637130801687
