{
  "accuracy": 0.7272727272727273,
  "precision_per_class": [
    0.8181818181818182,
    0.6666666666666666,
    1.0
  ],
  "recall_per_class": [
    0.6923076923076923,
    0.9333333333333333,
    0.2
  ],
  "f1_per_class": [
    0.75,
    0.7777777777777778,
    0.3333333333333333
  ],
  "support_per_class": [
    13,
    15,
    5
  ],
  "precision_macro": 0.8282828282828283,
  "recall_macro": 0.6085470085470085,
  "f1_macro": 0.6203703703703703,
  "precision_weighted": 0.7768595041322314,
  "recall_weighted": 0.7272727272727273,
  "f1_weighted": 0.6994949494949495,
  "confusion_matrix": [
    [
      9,
      4,
      0
    ],
    [
      1,
      14,
      0
    ],
    [
      1,
      3,
      1
    ]
  ],
  "class_labels": [
    "Low",
    "Medium",
    "High"
  ]
}