class,count,proportion
Medium,127,0.4568345323741007
Low,86,0.30935251798561153
High,65,0.23381294964028776
