{
  "accuracy": 0.6063829787234043,
  "precision_per_class": [
    0.7619047619047619,
    0.5645161290322581,
    0.5454545454545454
  ],
  "recall_per_class": [
    0.5161290322580645,
    0.7777777777777778,
    0.3333333333333333
  ],
  "f1_per_class": [
    0.6153846153846154,
    0.6542056074766355,
    0.41379310344827586
  ],
  "support_per_class": [
    31,
    45,
    18
  ],
  "precision_macro": 0.6239584787971885,
  "recall_macro": 0.5424133811230585,
  "f1_macro": 0.5611277754365088,
  "precision_weighted": 0.6259622898263941,
  "recall_weighted": 0.6063829787234043,
  "f1_weighted": 0.5953665029302195,
  "confusion_matrix": [
    [
      16,
      15,
      0
    ],
    [
      5,
      35,
      5
    ],
    [
      0,
      12,
      6
    ]
  ],
  "class_labels": [
    "Low",
    "Medium",
    "High"
  ]
}