class,count,proportion
Medium,177,0.47580645161290325
Low,123,0.33064516129032256
High,72,0.1935483870967742
