class,count,proportion
High,54,0.43902439024390244
Medium,46,0.37398373983739835
Low,23,0.18699186991869918
