class,count,proportion
High,37737,0.5233109607277568
Medium,19455,0.269788662081207
Low,14920,0.20690037719103616
