{
  "accuracy": 0.8181818181818182,
  "precision_per_class": [
    0.8378378378378378,
    0.5384615384615384,
    0.8547486033519553
  ],
  "recall_per_class": [
    0.7560975609756098,
    0.35,
    0.9503105590062112
  ],
  "f1_per_class": [
    0.7948717948717948,
    0.42424242424242425,
    0.9
  ],
  "support_per_class": [
    41,
    40,
    161
  ],
  "precision_macro": 0.7436826598837772,
  "recall_macro": 0.6854693733272735,
  "f1_macro": 0.7063714063714063,
  "precision_weighted": 0.7996047026011476,
  "recall_weighted": 0.8181818181818182,
  "f1_weighted": 0.8035514072704155,
  "confusion_matrix": [
    [
      31,
      4,
      6
    ],
    [
      6,
      14,
      20
    ],
    [
      0,
      8,
      153
    ]
  ],
  "class_labels": [
    "Low",
    "Medium",
    "High"
  ]
}