class,count,proportion
High,52542,0.5138230145613504
Medium,28792,0.28156507622950017
Low,20923,0.20461190920914948
