{
  "accuracy": 0.7169811320754716,
  "precision_per_class": [
    0.7142857142857143,
    0.6153846153846154,
    0.7777777777777778
  ],
  "recall_per_class": [
    0.8064516129032258,
    0.5161290322580645,
    0.7954545454545454
  ],
  "f1_per_class": [
    0.7575757575757576,
    0.5614035087719298,
    0.7865168539325843
  ],
  "support_per_class": [
    31,
    31,
    44
  ],
  "precision_macro": 0.7024827024827025,
  "recall_macro": 0.7060117302052786,
  "f1_macro": 0.7018320400934238,
  "precision_weighted": 0.7117170041698343,
  "recall_weighted": 0.7169811320754716,
  "f1_weighted": 0.7122179134887925,
  "confusion_matrix": [
    [
      25,
      4,
      2
    ],
    [
      7,
      16,
      8
    ],
    [
      3,
      6,
      35
    ]
  ],
  "class_labels": [
    "Low",
    "Medium",
    "High"
  ]
}