class,count,proportion
High,1462,0.4450532724505327
Medium,947,0.2882800608828006
Low,876,0.26666666666666666
