{
  "accuracy": 0.8353726362625139,
  "precision_per_class": [
    0.0,
    0.7719298245614035,
    0.8502747252747253
  ],
  "recall_per_class": [
    0.0,
    0.5477178423236515,
    0.9421613394216134
  ],
  "f1_per_class": [
    0.0,
    0.6407766990291263,
    0.8938628158844766
  ],
  "support_per_class": [
    1,
    241,
    657
  ],
  "precision_macro": 0.5407348499453762,
  "recall_macro": 0.4966263939150883,
  "f1_macro": 0.5115465049712009,
  "precision_weighted": 0.8283265653223502,
  "recall_weighted": 0.8353726362625139,
  "f1_weighted": 0.8250223075663188,
  "confusion_matrix": [
    [
      0,
      1,
      0
    ],
    [
      0,
      132,
      109
    ],
    [
      0,
      38,
      619
    ]
  ],
  "class_labels": [
    "Low",
    "Medium",
    "High"
  ]
}