class,count,proportion
Medium,274,0.4748700173310225
Low,204,0.3535528596187175
High,99,0.17157712305025996
