class,count,proportion
High,433,0.5040745052386496
Medium,246,0.28637951105937137
Low,180,0.20954598370197905
