{
  "accuracy": 0.614406779661017,
  "precision_per_class": [
    0.8076923076923077,
    0.5620437956204379,
    0.6438356164383562
  ],
  "recall_per_class": [
    0.42857142857142855,
    0.7403846153846154,
    0.5662650602409639
  ],
  "f1_per_class": [
    0.56,
    0.6390041493775933,
    0.6025641025641025
  ],
  "support_per_class": [
    49,
    104,
    83
  ],
  "precision_macro": 0.6711905732503672,
  "recall_macro": 0.578407034732336,
  "f1_macro": 0.600522750647232,
  "precision_weighted": 0.6418128558721703,
  "recall_weighted": 0.614406779661017,
  "f1_weighted": 0.609784966305467,
  "confusion_matrix": [
    [
      21,
      24,
      4
    ],
    [
      5,
      77,
      22
    ],
    [
      0,
      36,
      47
    ]
  ],
  "class_labels": [
    "Low",
    "Medium",
    "High"
  ]
}