{
  "accuracy": 0.6886792452830188,
  "precision_per_class": [
    0.6764705882352942,
    0.5517241379310345,
    0.7906976744186046
  ],
  "recall_per_class": [
    0.7419354838709677,
    0.5161290322580645,
    0.7727272727272727
  ],
  "f1_per_class": [
    0.7076923076923077,
    0.5333333333333333,
    0.7816091954022989
  ],
  "support_per_class": [
    31,
    31,
    44
  ],
  "precision_macro": 0.6729641335283111,
  "recall_macro": 0.676930596285435,
  "f1_macro": 0.6742116121426466,
  "precision_weighted": 0.6874031526941018,
  "recall_weighted": 0.6886792452830188,
  "f1_weighted": 0.68738301386317,
  "confusion_matrix": [
    [
      23,
      6,
      2
    ],
    [
      8,
      16,
      7
    ],
    [
      3,
      7,
      34
    ]
  ],
  "class_labels": [
    "Low",
    "Medium",
    "High"
  ]
}