class,count,proportion
Medium,304,0.47648902821316613
Low,222,0.34796238244514105
High,112,0.1755485893416928
