{
  "accuracy": 0.837037037037037,
  "precision_per_class": [
    0.8333333333333334,
    0.7727272727272727,
    0.8450704225352113
  ],
  "recall_per_class": [
    0.5555555555555556,
    0.38636363636363635,
    0.974025974025974
  ],
  "f1_per_class": [
    0.6666666666666666,
    0.5151515151515151,
    0.9049773755656109
  ],
  "support_per_class": [
    9,
    88,
    308
  ],
  "precision_macro": 0.8170436761986059,
  "recall_macro": 0.6386483886483886,
  "f1_macro": 0.6955985191279308,
  "precision_weighted": 0.8290905929403581,
  "recall_weighted": 0.837037037037037,
  "f1_weighted": 0.8149786790309665,
  "confusion_matrix": [
    [
      5,
      2,
      2
    ],
    [
      1,
      34,
      53
    ],
    [
      0,
      8,
      300
    ]
  ],
  "class_labels": [
    "Low",
    "Medium",
    "High"
  ]
}