{
  "accuracy": 0.6666666666666666,
  "precision_per_class": [
    0.8181818181818182,
    0.6190476190476191,
    0.0
  ],
  "recall_per_class": [
    0.6923076923076923,
    0.8666666666666667,
    0.0
  ],
  "f1_per_class": [
    0.75,
    0.7222222222222222,
    0.0
  ],
  "support_per_class": [
    13,
    15,
    5
  ],
  "precision_macro": 0.47907647907647916,
  "recall_macro": 0.5196581196581197,
  "f1_macro": 0.49074074074074076,
  "precision_weighted": 0.6036993309720583,
  "recall_weighted": 0.6666666666666666,
  "f1_weighted": 0.6237373737373738,
  "confusion_matrix": [
    [
      9,
      4,
      0
    ],
    [
      1,
      13,
      1
    ],
    [
      1,
      4,
      0
    ]
  ],
  "class_labels": [
    "Low",
    "Medium",
    "High"
  ]
}