{
  "accuracy": 0.7971014492753623,
  "precision_per_class": [
    0.96875,
    0.6451612903225806,
    0.6666666666666666
  ],
  "recall_per_class": [
    0.8378378378378378,
    0.8695652173913043,
    0.4444444444444444
  ],
  "f1_per_class": [
    0.8985507246376812,
    0.7407407407407407,
    0.5333333333333333
  ],
  "support_per_class": [
    37,
    23,
    9
  ],
  "precision_macro": 0.760192652329749,
  "recall_macro": 0.7172824998911955,
  "f1_macro": 0.7242082662372518,
  "precision_weighted": 0.82148492286115,
  "recall_weighted": 0.7971014492753623,
  "f1_weighted": 0.7983103456323368,
  "confusion_matrix": [
    [
      31,
      6,
      0
    ],
    [
      1,
      20,
      2
    ],
    [
      0,
      5,
      4
    ]
  ],
  "class_labels": [
    "Low",
    "Medium",
    "High"
  ]
}