class,count,proportion
Medium,45,0.4787234042553192
Low,31,0.32978723404255317
High,18,0.19148936170212766
