{
  "accuracy": 0.719441210710128,
  "precision_per_class": [
    0.8014705882352942,
    0.5666666666666667,
    0.7602339181286549
  ],
  "recall_per_class": [
    0.6055555555555555,
    0.483739837398374,
    0.9006928406466512
  ],
  "f1_per_class": [
    0.689873417721519,
    0.5219298245614035,
    0.8245243128964059
  ],
  "support_per_class": [
    180,
    246,
    433
  ],
  "precision_macro": 0.7094570576768718,
  "recall_macro": 0.6633294112001936,
  "f1_macro": 0.6787758517264427,
  "precision_weighted": 0.713441201899954,
  "recall_weighted": 0.719441210710128,
  "f1_weighted": 0.7096518969919935,
  "confusion_matrix": [
    [
      109,
      50,
      21
    ],
    [
      25,
      119,
      102
    ],
    [
      2,
      41,
      390
    ]
  ],
  "class_labels": [
    "Low",
    "Medium",
    "High"
  ]
}